 {
    "1": {"title": "Moving Forward", "quote": "If everyone is moving forward together, then success takes care of itself.", "author": "Henry Ford"  },
    "2": {"title": "Law of Life", "quote": "Change is the law of life. And those who look only to the past or present are certain to miss the future.",  "author": "John F. Kennedy"},
    "3": {"title": "I slept and dreamt", "quote": "I slept and dreamt that life was joy. I awoke and saw that life was service. I acted and behold, service was joy.", "author": "Rabindranath Tagore"  },
    "4": {"title": "We all Lie", "quote": "Women lie about their age; men lie about their income.", "author": "William Feather"  },
    "5": {"title": "Difficulty", "quote": "However difficult life may seem, there is always something you can do and succeed at.", "author": "Stephen Hawking"},
    "6": {"title": "Our prime purpose", "quote": "Our prime purpose in this life is to help others. And if you can't help them, at least don't hurt them.", "author": "Dalai Lama"},
    "7": {"title": "Love yourself", "quote": "My mama don't like you and she likes every one!. But now I know, I'm better sleeping on my own.", "author": "Justin Bieber"}
}